Period,Trade Flow,Reporter,Partner,Commodity,Commodity Code,Trade Value (US$)
2013,Export,Lebanon,Australia,"Coffee, tea, maté and spices // Coffee, whether or not roasted or decaffeinated; coffee husks and skins; coffee substitutes containing coffee in any proportion. // - Coffee, not roasted : // -- Not decaffeinated",090111,19615
2013,Import,Lebanon,Brazil,"Coffee, tea, maté and spices // Coffee, whether or not roasted or decaffeinated; coffee husks and skins; coffee substitutes containing coffee in any proportion. // - Coffee, not roasted : // -- Not decaffeinated",090111,65382675
2013,Import,Lebanon,Cameroon,"Coffee, tea, maté and spices // Coffee, whether or not roasted or decaffeinated; coffee husks and skins; coffee substitutes containing coffee in any proportion. // - Coffee, not roasted : // -- Not decaffeinated",090111,79768
2013,Export,Lebanon,Canada,"Coffee, tea, maté and spices // Coffee, whether or not roasted or decaffeinated; coffee husks and skins; coffee substitutes containing coffee in any proportion. // - Coffee, not roasted : // -- Not decaffeinated",090111,69422
2013,Import,Lebanon,Colombia,"Coffee, tea, maté and spices // Coffee, whether or not roasted or decaffeinated; coffee husks and skins; coffee substitutes containing coffee in any proportion. // - Coffee, not roasted : // -- Not decaffeinated",090111,1515416
2013,Export,Lebanon,Colombia,"Coffee, tea, maté and spices // Coffee, whether or not roasted or decaffeinated; coffee husks and skins; coffee substitutes containing coffee in any proportion. // - Coffee, not roasted : // -- Not decaffeinated",090111,4041
2013,Import,Lebanon,Costa Rica,"Coffee, tea, maté and spices // Coffee, whether or not roasted or decaffeinated; coffee husks and skins; coffee substitutes containing coffee in any proportion. // - Coffee, not roasted : // -- Not decaffeinated",090111,10893
2013,Import,Lebanon,Dominica,"Coffee, tea, maté and spices // Coffee, whether or not roasted or decaffeinated; coffee husks and skins; coffee substitutes containing coffee in any proportion. // - Coffee, not roasted : // -- Not decaffeinated",090111,11439
2013,Import,Lebanon,El Salvador,"Coffee, tea, maté and spices // Coffee, whether or not roasted or decaffeinated; coffee husks and skins; coffee substitutes containing coffee in any proportion. // - Coffee, not roasted : // -- Not decaffeinated",090111,65542
2013,Import,Lebanon,Ethiopia,"Coffee, tea, maté and spices // Coffee, whether or not roasted or decaffeinated; coffee husks and skins; coffee substitutes containing coffee in any proportion. // - Coffee, not roasted : // -- Not decaffeinated",090111,128890
2013,Export,Lebanon,Gabon,"Coffee, tea, maté and spices // Coffee, whether or not roasted or decaffeinated; coffee husks and skins; coffee substitutes containing coffee in any proportion. // - Coffee, not roasted : // -- Not decaffeinated",090111,4103
2013,Import,Lebanon,Germany,"Coffee, tea, maté and spices // Coffee, whether or not roasted or decaffeinated; coffee husks and skins; coffee substitutes containing coffee in any proportion. // - Coffee, not roasted : // -- Not decaffeinated",090111,220
2013,Export,Lebanon,Ghana,"Coffee, tea, maté and spices // Coffee, whether or not roasted or decaffeinated; coffee husks and skins; coffee substitutes containing coffee in any proportion. // - Coffee, not roasted : // -- Not decaffeinated",090111,2002
2013,Import,Lebanon,Guatemala,"Coffee, tea, maté and spices // Coffee, whether or not roasted or decaffeinated; coffee husks and skins; coffee substitutes containing coffee in any proportion. // - Coffee, not roasted : // -- Not decaffeinated",090111,47888
2013,Import,Lebanon,Guinea,"Coffee, tea, maté and spices // Coffee, whether or not roasted or decaffeinated; coffee husks and skins; coffee substitutes containing coffee in any proportion. // - Coffee, not roasted : // -- Not decaffeinated",090111,4205
2013,Import,Lebanon,Indonesia,"Coffee, tea, maté and spices // Coffee, whether or not roasted or decaffeinated; coffee husks and skins; coffee substitutes containing coffee in any proportion. // - Coffee, not roasted : // -- Not decaffeinated",090111,19673
2013,Import,Lebanon,Italy,"Coffee, tea, maté and spices // Coffee, whether or not roasted or decaffeinated; coffee husks and skins; coffee substitutes containing coffee in any proportion. // - Coffee, not roasted : // -- Not decaffeinated",090111,8450
2013,Export,Lebanon,Côte d'Ivoire,"Coffee, tea, maté and spices // Coffee, whether or not roasted or decaffeinated; coffee husks and skins; coffee substitutes containing coffee in any proportion. // - Coffee, not roasted : // -- Not decaffeinated",090111,4005
2013,Import,Lebanon,Jamaica,"Coffee, tea, maté and spices // Coffee, whether or not roasted or decaffeinated; coffee husks and skins; coffee substitutes containing coffee in any proportion. // - Coffee, not roasted : // -- Not decaffeinated",090111,4549
2013,Export,Lebanon,Jordan,"Coffee, tea, maté and spices // Coffee, whether or not roasted or decaffeinated; coffee husks and skins; coffee substitutes containing coffee in any proportion. // - Coffee, not roasted : // -- Not decaffeinated",090111,31003
2013,Import,Lebanon,Kenya,"Coffee, tea, maté and spices // Coffee, whether or not roasted or decaffeinated; coffee husks and skins; coffee substitutes containing coffee in any proportion. // - Coffee, not roasted : // -- Not decaffeinated",090111,145699
2013,Export,Lebanon,Liberia,"Coffee, tea, maté and spices // Coffee, whether or not roasted or decaffeinated; coffee husks and skins; coffee substitutes containing coffee in any proportion. // - Coffee, not roasted : // -- Not decaffeinated",090111,1424
2013,Export,Lebanon,Libya,"Coffee, tea, maté and spices // Coffee, whether or not roasted or decaffeinated; coffee husks and skins; coffee substitutes containing coffee in any proportion. // - Coffee, not roasted : // -- Not decaffeinated",090111,13257
2013,Import,Lebanon,Mexico,"Coffee, tea, maté and spices // Coffee, whether or not roasted or decaffeinated; coffee husks and skins; coffee substitutes containing coffee in any proportion. // - Coffee, not roasted : // -- Not decaffeinated",090111,11106
2013,Export,Lebanon,Mozambique,"Coffee, tea, maté and spices // Coffee, whether or not roasted or decaffeinated; coffee husks and skins; coffee substitutes containing coffee in any proportion. // - Coffee, not roasted : // -- Not decaffeinated",090111,1685
2013,Import,Lebanon,Nicaragua,"Coffee, tea, maté and spices // Coffee, whether or not roasted or decaffeinated; coffee husks and skins; coffee substitutes containing coffee in any proportion. // - Coffee, not roasted : // -- Not decaffeinated",090111,5507
2013,Export,Lebanon,Nigeria,"Coffee, tea, maté and spices // Coffee, whether or not roasted or decaffeinated; coffee husks and skins; coffee substitutes containing coffee in any proportion. // - Coffee, not roasted : // -- Not decaffeinated",090111,19479
2013,Export,Lebanon,Qatar,"Coffee, tea, maté and spices // Coffee, whether or not roasted or decaffeinated; coffee husks and skins; coffee substitutes containing coffee in any proportion. // - Coffee, not roasted : // -- Not decaffeinated",090111,122658
2013,Export,Lebanon,Saudi Arabia,"Coffee, tea, maté and spices // Coffee, whether or not roasted or decaffeinated; coffee husks and skins; coffee substitutes containing coffee in any proportion. // - Coffee, not roasted : // -- Not decaffeinated",090111,1154
2013,Export,Lebanon,Sierra Leone,"Coffee, tea, maté and spices // Coffee, whether or not roasted or decaffeinated; coffee husks and skins; coffee substitutes containing coffee in any proportion. // - Coffee, not roasted : // -- Not decaffeinated",090111,2984
2013,Import,Lebanon,India,"Coffee, tea, maté and spices // Coffee, whether or not roasted or decaffeinated; coffee husks and skins; coffee substitutes containing coffee in any proportion. // - Coffee, not roasted : // -- Not decaffeinated",090111,1032088
2013,Import,Lebanon,Viet Nam,"Coffee, tea, maté and spices // Coffee, whether or not roasted or decaffeinated; coffee husks and skins; coffee substitutes containing coffee in any proportion. // - Coffee, not roasted : // -- Not decaffeinated",090111,1812745
2013,Export,Lebanon,United Arab Emirates,"Coffee, tea, maté and spices // Coffee, whether or not roasted or decaffeinated; coffee husks and skins; coffee substitutes containing coffee in any proportion. // - Coffee, not roasted : // -- Not decaffeinated",090111,601
2013,Import,Lebanon,Uganda,"Coffee, tea, maté and spices // Coffee, whether or not roasted or decaffeinated; coffee husks and skins; coffee substitutes containing coffee in any proportion. // - Coffee, not roasted : // -- Not decaffeinated",090111,150567
2013,Export,Lebanon,Egypt,"Coffee, tea, maté and spices // Coffee, whether or not roasted or decaffeinated; coffee husks and skins; coffee substitutes containing coffee in any proportion. // - Coffee, not roasted : // -- Not decaffeinated",090111,63
2013,Import,Lebanon,United Kingdom,"Coffee, tea, maté and spices // Coffee, whether or not roasted or decaffeinated; coffee husks and skins; coffee substitutes containing coffee in any proportion. // - Coffee, not roasted : // -- Not decaffeinated",090111,1415
2013,Import,Lebanon,United Rep. of Tanzania,"Coffee, tea, maté and spices // Coffee, whether or not roasted or decaffeinated; coffee husks and skins; coffee substitutes containing coffee in any proportion. // - Coffee, not roasted : // -- Not decaffeinated",090111,51376
2013,Import,Lebanon,USA,"Coffee, tea, maté and spices // Coffee, whether or not roasted or decaffeinated; coffee husks and skins; coffee substitutes containing coffee in any proportion. // - Coffee, not roasted : // -- Not decaffeinated",090111,14
2013,Export,Lebanon,Burkina Faso,"Coffee, tea, maté and spices // Coffee, whether or not roasted or decaffeinated; coffee husks and skins; coffee substitutes containing coffee in any proportion. // - Coffee, not roasted : // -- Not decaffeinated",090111,7966
2013,Export,Lebanon,Venezuela,"Coffee, tea, maté and spices // Coffee, whether or not roasted or decaffeinated; coffee husks and skins; coffee substitutes containing coffee in any proportion. // - Coffee, not roasted : // -- Not decaffeinated",090111,4688
2013,Import,Lebanon,Brazil,"Coffee, tea, maté and spices // Coffee, whether or not roasted or decaffeinated; coffee husks and skins; coffee substitutes containing coffee in any proportion. // - Coffee, not roasted : // -- Decaffeinated",090112,9590
2013,Export,Lebanon,Gabon,"Coffee, tea, maté and spices // Coffee, whether or not roasted or decaffeinated; coffee husks and skins; coffee substitutes containing coffee in any proportion. // - Coffee, not roasted : // -- Decaffeinated",090112,4719
2013,Export,Lebanon,Jordan,"Coffee, tea, maté and spices // Coffee, whether or not roasted or decaffeinated; coffee husks and skins; coffee substitutes containing coffee in any proportion. // - Coffee, not roasted : // -- Decaffeinated",090112,2056
2013,Import,Lebanon,United Kingdom,"Coffee, tea, maté and spices // Coffee, whether or not roasted or decaffeinated; coffee husks and skins; coffee substitutes containing coffee in any proportion. // - Coffee, not roasted : // -- Decaffeinated",090112,386
2013,Import,Lebanon,Australia,"Coffee, tea, maté and spices // Coffee, whether or not roasted or decaffeinated; coffee husks and skins; coffee substitutes containing coffee in any proportion. // - Coffee roasted : // -- Not decaffeinated",090121,15949
2013,Export,Lebanon,Australia,"Coffee, tea, maté and spices // Coffee, whether or not roasted or decaffeinated; coffee husks and skins; coffee substitutes containing coffee in any proportion. // - Coffee roasted : // -- Not decaffeinated",090121,241993
2013,Export,Lebanon,Bahrain,"Coffee, tea, maté and spices // Coffee, whether or not roasted or decaffeinated; coffee husks and skins; coffee substitutes containing coffee in any proportion. // - Coffee roasted : // -- Not decaffeinated",090121,1260
2013,Import,Lebanon,Belgium,"Coffee, tea, maté and spices // Coffee, whether or not roasted or decaffeinated; coffee husks and skins; coffee substitutes containing coffee in any proportion. // - Coffee roasted : // -- Not decaffeinated",090121,4691
2013,Export,Lebanon,Belgium,"Coffee, tea, maté and spices // Coffee, whether or not roasted or decaffeinated; coffee husks and skins; coffee substitutes containing coffee in any proportion. // - Coffee roasted : // -- Not decaffeinated",090121,49187
2013,Import,Lebanon,Brazil,"Coffee, tea, maté and spices // Coffee, whether or not roasted or decaffeinated; coffee husks and skins; coffee substitutes containing coffee in any proportion. // - Coffee roasted : // -- Not decaffeinated",090121,150
2013,Export,Lebanon,Cameroon,"Coffee, tea, maté and spices // Coffee, whether or not roasted or decaffeinated; coffee husks and skins; coffee substitutes containing coffee in any proportion. // - Coffee roasted : // -- Not decaffeinated",090121,1051
2013,Import,Lebanon,Canada,"Coffee, tea, maté and spices // Coffee, whether or not roasted or decaffeinated; coffee husks and skins; coffee substitutes containing coffee in any proportion. // - Coffee roasted : // -- Not decaffeinated",090121,33416
2013,Export,Lebanon,Canada,"Coffee, tea, maté and spices // Coffee, whether or not roasted or decaffeinated; coffee husks and skins; coffee substitutes containing coffee in any proportion. // - Coffee roasted : // -- Not decaffeinated",090121,305009
2013,Export,Lebanon,Central African Rep.,"Coffee, tea, maté and spices // Coffee, whether or not roasted or decaffeinated; coffee husks and skins; coffee substitutes containing coffee in any proportion. // - Coffee roasted : // -- Not decaffeinated",090121,44432
2013,Export,Lebanon,Chile,"Coffee, tea, maté and spices // Coffee, whether or not roasted or decaffeinated; coffee husks and skins; coffee substitutes containing coffee in any proportion. // - Coffee roasted : // -- Not decaffeinated",090121,561
2013,Import,Lebanon,Colombia,"Coffee, tea, maté and spices // Coffee, whether or not roasted or decaffeinated; coffee husks and skins; coffee substitutes containing coffee in any proportion. // - Coffee roasted : // -- Not decaffeinated",090121,601
2013,Export,Lebanon,Colombia,"Coffee, tea, maté and spices // Coffee, whether or not roasted or decaffeinated; coffee husks and skins; coffee substitutes containing coffee in any proportion. // - Coffee roasted : // -- Not decaffeinated",090121,8636
2013,Export,Lebanon,Congo,"Coffee, tea, maté and spices // Coffee, whether or not roasted or decaffeinated; coffee husks and skins; coffee substitutes containing coffee in any proportion. // - Coffee roasted : // -- Not decaffeinated",090121,103778
2013,Export,Lebanon,Cyprus,"Coffee, tea, maté and spices // Coffee, whether or not roasted or decaffeinated; coffee husks and skins; coffee substitutes containing coffee in any proportion. // - Coffee roasted : // -- Not decaffeinated",090121,59771
2013,Export,Lebanon,Czech Rep.,"Coffee, tea, maté and spices // Coffee, whether or not roasted or decaffeinated; coffee husks and skins; coffee substitutes containing coffee in any proportion. // - Coffee roasted : // -- Not decaffeinated",090121,846
2013,Export,Lebanon,Benin,"Coffee, tea, maté and spices // Coffee, whether or not roasted or decaffeinated; coffee husks and skins; coffee substitutes containing coffee in any proportion. // - Coffee roasted : // -- Not decaffeinated",090121,10312
2013,Export,Lebanon,Denmark,"Coffee, tea, maté and spices // Coffee, whether or not roasted or decaffeinated; coffee husks and skins; coffee substitutes containing coffee in any proportion. // - Coffee roasted : // -- Not decaffeinated",090121,9640
2013,Export,Lebanon,Equatorial Guinea,"Coffee, tea, maté and spices // Coffee, whether or not roasted or decaffeinated; coffee husks and skins; coffee substitutes containing coffee in any proportion. // - Coffee roasted : // -- Not decaffeinated",090121,233
2013,Import,Lebanon,Ethiopia,"Coffee, tea, maté and spices // Coffee, whether or not roasted or decaffeinated; coffee husks and skins; coffee substitutes containing coffee in any proportion. // - Coffee roasted : // -- Not decaffeinated",090121,292
2013,Import,Lebanon,France,"Coffee, tea, maté and spices // Coffee, whether or not roasted or decaffeinated; coffee husks and skins; coffee substitutes containing coffee in any proportion. // - Coffee roasted : // -- Not decaffeinated",090121,71125
2013,Export,Lebanon,France,"Coffee, tea, maté and spices // Coffee, whether or not roasted or decaffeinated; coffee husks and skins; coffee substitutes containing coffee in any proportion. // - Coffee roasted : // -- Not decaffeinated",090121,134161
2013,Export,Lebanon,Gabon,"Coffee, tea, maté and spices // Coffee, whether or not roasted or decaffeinated; coffee husks and skins; coffee substitutes containing coffee in any proportion. // - Coffee roasted : // -- Not decaffeinated",090121,28076
2013,Export,Lebanon,Gambia,"Coffee, tea, maté and spices // Coffee, whether or not roasted or decaffeinated; coffee husks and skins; coffee substitutes containing coffee in any proportion. // - Coffee roasted : // -- Not decaffeinated",090121,12313
2013,Import,Lebanon,Germany,"Coffee, tea, maté and spices // Coffee, whether or not roasted or decaffeinated; coffee husks and skins; coffee substitutes containing coffee in any proportion. // - Coffee roasted : // -- Not decaffeinated",090121,6694
2013,Export,Lebanon,Germany,"Coffee, tea, maté and spices // Coffee, whether or not roasted or decaffeinated; coffee husks and skins; coffee substitutes containing coffee in any proportion. // - Coffee roasted : // -- Not decaffeinated",090121,137014
2013,Export,Lebanon,Ghana,"Coffee, tea, maté and spices // Coffee, whether or not roasted or decaffeinated; coffee husks and skins; coffee substitutes containing coffee in any proportion. // - Coffee roasted : // -- Not decaffeinated",090121,26583
2013,Export,Lebanon,Greece,"Coffee, tea, maté and spices // Coffee, whether or not roasted or decaffeinated; coffee husks and skins; coffee substitutes containing coffee in any proportion. // - Coffee roasted : // -- Not decaffeinated",090121,46174
2013,Export,Lebanon,Guinea,"Coffee, tea, maté and spices // Coffee, whether or not roasted or decaffeinated; coffee husks and skins; coffee substitutes containing coffee in any proportion. // - Coffee roasted : // -- Not decaffeinated",090121,8677
2013,Export,Lebanon,"China, Hong Kong SAR","Coffee, tea, maté and spices // Coffee, whether or not roasted or decaffeinated; coffee husks and skins; coffee substitutes containing coffee in any proportion. // - Coffee roasted : // -- Not decaffeinated",090121,17463
2013,Import,Lebanon,Italy,"Coffee, tea, maté and spices // Coffee, whether or not roasted or decaffeinated; coffee husks and skins; coffee substitutes containing coffee in any proportion. // - Coffee roasted : // -- Not decaffeinated",090121,1117644
2013,Export,Lebanon,Côte d'Ivoire,"Coffee, tea, maté and spices // Coffee, whether or not roasted or decaffeinated; coffee husks and skins; coffee substitutes containing coffee in any proportion. // - Coffee roasted : // -- Not decaffeinated",090121,123339
2013,Export,Lebanon,Jordan,"Coffee, tea, maté and spices // Coffee, whether or not roasted or decaffeinated; coffee husks and skins; coffee substitutes containing coffee in any proportion. // - Coffee roasted : // -- Not decaffeinated",090121,2163380
2013,Import,Lebanon,Kenya,"Coffee, tea, maté and spices // Coffee, whether or not roasted or decaffeinated; coffee husks and skins; coffee substitutes containing coffee in any proportion. // - Coffee roasted : // -- Not decaffeinated",090121,265
2013,Export,Lebanon,Kuwait,"Coffee, tea, maté and spices // Coffee, whether or not roasted or decaffeinated; coffee husks and skins; coffee substitutes containing coffee in any proportion. // - Coffee roasted : // -- Not decaffeinated",090121,59534
2013,Export,Lebanon,Liberia,"Coffee, tea, maté and spices // Coffee, whether or not roasted or decaffeinated; coffee husks and skins; coffee substitutes containing coffee in any proportion. // - Coffee roasted : // -- Not decaffeinated",090121,14728
2013,Export,Lebanon,Malaysia,"Coffee, tea, maté and spices // Coffee, whether or not roasted or decaffeinated; coffee husks and skins; coffee substitutes containing coffee in any proportion. // - Coffee roasted : // -- Not decaffeinated",090121,6479
2013,Export,Lebanon,Mali,"Coffee, tea, maté and spices // Coffee, whether or not roasted or decaffeinated; coffee husks and skins; coffee substitutes containing coffee in any proportion. // - Coffee roasted : // -- Not decaffeinated",090121,23375
2013,Export,Lebanon,Morocco,"Coffee, tea, maté and spices // Coffee, whether or not roasted or decaffeinated; coffee husks and skins; coffee substitutes containing coffee in any proportion. // - Coffee roasted : // -- Not decaffeinated",090121,41356
2013,Export,Lebanon,Oman,"Coffee, tea, maté and spices // Coffee, whether or not roasted or decaffeinated; coffee husks and skins; coffee substitutes containing coffee in any proportion. // - Coffee roasted : // -- Not decaffeinated",090121,134361
2013,Import,Lebanon,Netherlands,"Coffee, tea, maté and spices // Coffee, whether or not roasted or decaffeinated; coffee husks and skins; coffee substitutes containing coffee in any proportion. // - Coffee roasted : // -- Not decaffeinated",090121,550861
2013,Export,Lebanon,Netherlands,"Coffee, tea, maté and spices // Coffee, whether or not roasted or decaffeinated; coffee husks and skins; coffee substitutes containing coffee in any proportion. // - Coffee roasted : // -- Not decaffeinated",090121,781095
2013,Import,Lebanon,Nicaragua,"Coffee, tea, maté and spices // Coffee, whether or not roasted or decaffeinated; coffee husks and skins; coffee substitutes containing coffee in any proportion. // - Coffee roasted : // -- Not decaffeinated",090121,68
2013,Export,Lebanon,Niger,"Coffee, tea, maté and spices // Coffee, whether or not roasted or decaffeinated; coffee husks and skins; coffee substitutes containing coffee in any proportion. // - Coffee roasted : // -- Not decaffeinated",090121,15008
2013,Export,Lebanon,Nigeria,"Coffee, tea, maté and spices // Coffee, whether or not roasted or decaffeinated; coffee husks and skins; coffee substitutes containing coffee in any proportion. // - Coffee roasted : // -- Not decaffeinated",090121,282908
2013,Export,Lebanon,Panama,"Coffee, tea, maté and spices // Coffee, whether or not roasted or decaffeinated; coffee husks and skins; coffee substitutes containing coffee in any proportion. // - Coffee roasted : // -- Not decaffeinated",090121,8764
2013,Import,Lebanon,Poland,"Coffee, tea, maté and spices // Coffee, whether or not roasted or decaffeinated; coffee husks and skins; coffee substitutes containing coffee in any proportion. // - Coffee roasted : // -- Not decaffeinated",090121,95
2013,Import,Lebanon,Portugal,"Coffee, tea, maté and spices // Coffee, whether or not roasted or decaffeinated; coffee husks and skins; coffee substitutes containing coffee in any proportion. // - Coffee roasted : // -- Not decaffeinated",090121,2889
2013,Export,Lebanon,Qatar,"Coffee, tea, maté and spices // Coffee, whether or not roasted or decaffeinated; coffee husks and skins; coffee substitutes containing coffee in any proportion. // - Coffee roasted : // -- Not decaffeinated",090121,1331905
2013,Export,Lebanon,Saudi Arabia,"Coffee, tea, maté and spices // Coffee, whether or not roasted or decaffeinated; coffee husks and skins; coffee substitutes containing coffee in any proportion. // - Coffee roasted : // -- Not decaffeinated",090121,1981076
2013,Export,Lebanon,Senegal,"Coffee, tea, maté and spices // Coffee, whether or not roasted or decaffeinated; coffee husks and skins; coffee substitutes containing coffee in any proportion. // - Coffee roasted : // -- Not decaffeinated",090121,8145
2013,Export,Lebanon,Sierra Leone,"Coffee, tea, maté and spices // Coffee, whether or not roasted or decaffeinated; coffee husks and skins; coffee substitutes containing coffee in any proportion. // - Coffee roasted : // -- Not decaffeinated",090121,77799
2013,Import,Lebanon,India,"Coffee, tea, maté and spices // Coffee, whether or not roasted or decaffeinated; coffee husks and skins; coffee substitutes containing coffee in any proportion. // - Coffee roasted : // -- Not decaffeinated",090121,467
2013,Export,Lebanon,Singapore,"Coffee, tea, maté and spices // Coffee, whether or not roasted or decaffeinated; coffee husks and skins; coffee substitutes containing coffee in any proportion. // - Coffee roasted : // -- Not decaffeinated",090121,286
2013,Export,Lebanon,South Africa,"Coffee, tea, maté and spices // Coffee, whether or not roasted or decaffeinated; coffee husks and skins; coffee substitutes containing coffee in any proportion. // - Coffee roasted : // -- Not decaffeinated",090121,926142
2013,Export,Lebanon,Zimbabwe,"Coffee, tea, maté and spices // Coffee, whether or not roasted or decaffeinated; coffee husks and skins; coffee substitutes containing coffee in any proportion. // - Coffee roasted : // -- Not decaffeinated",090121,841
2013,Import,Lebanon,Spain,"Coffee, tea, maté and spices // Coffee, whether or not roasted or decaffeinated; coffee husks and skins; coffee substitutes containing coffee in any proportion. // - Coffee roasted : // -- Not decaffeinated",090121,297
2013,Export,Lebanon,Sudan,"Coffee, tea, maté and spices // Coffee, whether or not roasted or decaffeinated; coffee husks and skins; coffee substitutes containing coffee in any proportion. // - Coffee roasted : // -- Not decaffeinated",090121,7997
2013,Export,Lebanon,Sweden,"Coffee, tea, maté and spices // Coffee, whether or not roasted or decaffeinated; coffee husks and skins; coffee substitutes containing coffee in any proportion. // - Coffee roasted : // -- Not decaffeinated",090121,218404
2013,Import,Lebanon,Switzerland,"Coffee, tea, maté and spices // Coffee, whether or not roasted or decaffeinated; coffee husks and skins; coffee substitutes containing coffee in any proportion. // - Coffee roasted : // -- Not decaffeinated",090121,2707310
2013,Import,Lebanon,Syria,"Coffee, tea, maté and spices // Coffee, whether or not roasted or decaffeinated; coffee husks and skins; coffee substitutes containing coffee in any proportion. // - Coffee roasted : // -- Not decaffeinated",090121,68587
2013,Export,Lebanon,Syria,"Coffee, tea, maté and spices // Coffee, whether or not roasted or decaffeinated; coffee husks and skins; coffee substitutes containing coffee in any proportion. // - Coffee roasted : // -- Not decaffeinated",090121,381187
2013,Export,Lebanon,Togo,"Coffee, tea, maté and spices // Coffee, whether or not roasted or decaffeinated; coffee husks and skins; coffee substitutes containing coffee in any proportion. // - Coffee roasted : // -- Not decaffeinated",090121,13866
2013,Export,Lebanon,United Arab Emirates,"Coffee, tea, maté and spices // Coffee, whether or not roasted or decaffeinated; coffee husks and skins; coffee substitutes containing coffee in any proportion. // - Coffee roasted : // -- Not decaffeinated",090121,1542456
2013,Export,Lebanon,Turkey,"Coffee, tea, maté and spices // Coffee, whether or not roasted or decaffeinated; coffee husks and skins; coffee substitutes containing coffee in any proportion. // - Coffee roasted : // -- Not decaffeinated",090121,181185
2013,Export,Lebanon,Egypt,"Coffee, tea, maté and spices // Coffee, whether or not roasted or decaffeinated; coffee husks and skins; coffee substitutes containing coffee in any proportion. // - Coffee roasted : // -- Not decaffeinated",090121,32526
2013,Import,Lebanon,United Kingdom,"Coffee, tea, maté and spices // Coffee, whether or not roasted or decaffeinated; coffee husks and skins; coffee substitutes containing coffee in any proportion. // - Coffee roasted : // -- Not decaffeinated",090121,72377
2013,Export,Lebanon,United Kingdom,"Coffee, tea, maté and spices // Coffee, whether or not roasted or decaffeinated; coffee husks and skins; coffee substitutes containing coffee in any proportion. // - Coffee roasted : // -- Not decaffeinated",090121,213035
2013,Export,Lebanon,Free Zones,"Coffee, tea, maté and spices // Coffee, whether or not roasted or decaffeinated; coffee husks and skins; coffee substitutes containing coffee in any proportion. // - Coffee roasted : // -- Not decaffeinated",090121,896
2013,Import,Lebanon,USA,"Coffee, tea, maté and spices // Coffee, whether or not roasted or decaffeinated; coffee husks and skins; coffee substitutes containing coffee in any proportion. // - Coffee roasted : // -- Not decaffeinated",090121,137556
2013,Export,Lebanon,USA,"Coffee, tea, maté and spices // Coffee, whether or not roasted or decaffeinated; coffee husks and skins; coffee substitutes containing coffee in any proportion. // - Coffee roasted : // -- Not decaffeinated",090121,1389673
2013,Export,Lebanon,Burkina Faso,"Coffee, tea, maté and spices // Coffee, whether or not roasted or decaffeinated; coffee husks and skins; coffee substitutes containing coffee in any proportion. // - Coffee roasted : // -- Not decaffeinated",090121,4846
2013,Export,Lebanon,Uruguay,"Coffee, tea, maté and spices // Coffee, whether or not roasted or decaffeinated; coffee husks and skins; coffee substitutes containing coffee in any proportion. // - Coffee roasted : // -- Not decaffeinated",090121,858
2013,Export,Lebanon,Venezuela,"Coffee, tea, maté and spices // Coffee, whether or not roasted or decaffeinated; coffee husks and skins; coffee substitutes containing coffee in any proportion. // - Coffee roasted : // -- Not decaffeinated",090121,11996
2013,Export,Lebanon,Zambia,"Coffee, tea, maté and spices // Coffee, whether or not roasted or decaffeinated; coffee husks and skins; coffee substitutes containing coffee in any proportion. // - Coffee roasted : // -- Not decaffeinated",090121,23451
2013,Import,Lebanon,Australia,"Coffee, tea, maté and spices // Coffee, whether or not roasted or decaffeinated; coffee husks and skins; coffee substitutes containing coffee in any proportion. // - Coffee roasted : // -- Decaffeinated",090122,301
2013,Export,Lebanon,Australia,"Coffee, tea, maté and spices // Coffee, whether or not roasted or decaffeinated; coffee husks and skins; coffee substitutes containing coffee in any proportion. // - Coffee roasted : // -- Decaffeinated",090122,2038
2013,Export,Lebanon,Bahrain,"Coffee, tea, maté and spices // Coffee, whether or not roasted or decaffeinated; coffee husks and skins; coffee substitutes containing coffee in any proportion. // - Coffee roasted : // -- Decaffeinated",090122,980
2013,Import,Lebanon,Canada,"Coffee, tea, maté and spices // Coffee, whether or not roasted or decaffeinated; coffee husks and skins; coffee substitutes containing coffee in any proportion. // - Coffee roasted : // -- Decaffeinated",090122,2132
2013,Import,Lebanon,France,"Coffee, tea, maté and spices // Coffee, whether or not roasted or decaffeinated; coffee husks and skins; coffee substitutes containing coffee in any proportion. // - Coffee roasted : // -- Decaffeinated",090122,4825
2013,Export,Lebanon,Gabon,"Coffee, tea, maté and spices // Coffee, whether or not roasted or decaffeinated; coffee husks and skins; coffee substitutes containing coffee in any proportion. // - Coffee roasted : // -- Decaffeinated",090122,3393
2013,Import,Lebanon,Italy,"Coffee, tea, maté and spices // Coffee, whether or not roasted or decaffeinated; coffee husks and skins; coffee substitutes containing coffee in any proportion. // - Coffee roasted : // -- Decaffeinated",090122,60156
2013,Export,Lebanon,Côte d'Ivoire,"Coffee, tea, maté and spices // Coffee, whether or not roasted or decaffeinated; coffee husks and skins; coffee substitutes containing coffee in any proportion. // - Coffee roasted : // -- Decaffeinated",090122,5086
2013,Import,Lebanon,Netherlands,"Coffee, tea, maté and spices // Coffee, whether or not roasted or decaffeinated; coffee husks and skins; coffee substitutes containing coffee in any proportion. // - Coffee roasted : // -- Decaffeinated",090122,23559
2013,Export,Lebanon,Netherlands,"Coffee, tea, maté and spices // Coffee, whether or not roasted or decaffeinated; coffee husks and skins; coffee substitutes containing coffee in any proportion. // - Coffee roasted : // -- Decaffeinated",090122,16053
2013,Import,Lebanon,India,"Coffee, tea, maté and spices // Coffee, whether or not roasted or decaffeinated; coffee husks and skins; coffee substitutes containing coffee in any proportion. // - Coffee roasted : // -- Decaffeinated",090122,17201
2013,Import,Lebanon,Switzerland,"Coffee, tea, maté and spices // Coffee, whether or not roasted or decaffeinated; coffee husks and skins; coffee substitutes containing coffee in any proportion. // - Coffee roasted : // -- Decaffeinated",090122,60050
2013,Export,Lebanon,United Arab Emirates,"Coffee, tea, maté and spices // Coffee, whether or not roasted or decaffeinated; coffee husks and skins; coffee substitutes containing coffee in any proportion. // - Coffee roasted : // -- Decaffeinated",090122,11209
2013,Export,Lebanon,Tunisia,"Coffee, tea, maté and spices // Coffee, whether or not roasted or decaffeinated; coffee husks and skins; coffee substitutes containing coffee in any proportion. // - Coffee roasted : // -- Decaffeinated",090122,15624
2013,Import,Lebanon,United Kingdom,"Coffee, tea, maté and spices // Coffee, whether or not roasted or decaffeinated; coffee husks and skins; coffee substitutes containing coffee in any proportion. // - Coffee roasted : // -- Decaffeinated",090122,5238
2013,Export,Lebanon,United Kingdom,"Coffee, tea, maté and spices // Coffee, whether or not roasted or decaffeinated; coffee husks and skins; coffee substitutes containing coffee in any proportion. // - Coffee roasted : // -- Decaffeinated",090122,1271
2013,Import,Lebanon,USA,"Coffee, tea, maté and spices // Coffee, whether or not roasted or decaffeinated; coffee husks and skins; coffee substitutes containing coffee in any proportion. // - Coffee roasted : // -- Decaffeinated",090122,5110
2014,Import,Lebanon,Brazil,"Coffee, tea, maté and spices // Coffee, whether or not roasted or decaffeinated; coffee husks and skins; coffee substitutes containing coffee in any proportion. // - Coffee, not roasted : // -- Not decaffeinated",090111,55798687
2014,Import,Lebanon,Cameroon,"Coffee, tea, maté and spices // Coffee, whether or not roasted or decaffeinated; coffee husks and skins; coffee substitutes containing coffee in any proportion. // - Coffee, not roasted : // -- Not decaffeinated",090111,196769
2014,Export,Lebanon,Cameroon,"Coffee, tea, maté and spices // Coffee, whether or not roasted or decaffeinated; coffee husks and skins; coffee substitutes containing coffee in any proportion. // - Coffee, not roasted : // -- Not decaffeinated",090111,2541
2014,Export,Lebanon,Canada,"Coffee, tea, maté and spices // Coffee, whether or not roasted or decaffeinated; coffee husks and skins; coffee substitutes containing coffee in any proportion. // - Coffee, not roasted : // -- Not decaffeinated",090111,95097
2014,Export,Lebanon,Central African Rep.,"Coffee, tea, maté and spices // Coffee, whether or not roasted or decaffeinated; coffee husks and skins; coffee substitutes containing coffee in any proportion. // - Coffee, not roasted : // -- Not decaffeinated",090111,4530
2014,Import,Lebanon,Colombia,"Coffee, tea, maté and spices // Coffee, whether or not roasted or decaffeinated; coffee husks and skins; coffee substitutes containing coffee in any proportion. // - Coffee, not roasted : // -- Not decaffeinated",090111,1914331
2014,Import,Lebanon,Costa Rica,"Coffee, tea, maté and spices // Coffee, whether or not roasted or decaffeinated; coffee husks and skins; coffee substitutes containing coffee in any proportion. // - Coffee, not roasted : // -- Not decaffeinated",090111,32595
2014,Import,Lebanon,El Salvador,"Coffee, tea, maté and spices // Coffee, whether or not roasted or decaffeinated; coffee husks and skins; coffee substitutes containing coffee in any proportion. // - Coffee, not roasted : // -- Not decaffeinated",090111,316460
2014,Import,Lebanon,Ethiopia,"Coffee, tea, maté and spices // Coffee, whether or not roasted or decaffeinated; coffee husks and skins; coffee substitutes containing coffee in any proportion. // - Coffee, not roasted : // -- Not decaffeinated",090111,227331
2014,Import,Lebanon,France,"Coffee, tea, maté and spices // Coffee, whether or not roasted or decaffeinated; coffee husks and skins; coffee substitutes containing coffee in any proportion. // - Coffee, not roasted : // -- Not decaffeinated",090111,1490
2014,Export,Lebanon,Gabon,"Coffee, tea, maté and spices // Coffee, whether or not roasted or decaffeinated; coffee husks and skins; coffee substitutes containing coffee in any proportion. // - Coffee, not roasted : // -- Not decaffeinated",090111,3160
2014,Export,Lebanon,Ghana,"Coffee, tea, maté and spices // Coffee, whether or not roasted or decaffeinated; coffee husks and skins; coffee substitutes containing coffee in any proportion. // - Coffee, not roasted : // -- Not decaffeinated",090111,1228
2014,Import,Lebanon,Guatemala,"Coffee, tea, maté and spices // Coffee, whether or not roasted or decaffeinated; coffee husks and skins; coffee substitutes containing coffee in any proportion. // - Coffee, not roasted : // -- Not decaffeinated",090111,40777
2014,Import,Lebanon,Guinea,"Coffee, tea, maté and spices // Coffee, whether or not roasted or decaffeinated; coffee husks and skins; coffee substitutes containing coffee in any proportion. // - Coffee, not roasted : // -- Not decaffeinated",090111,4190
2014,Export,Lebanon,Guinea,"Coffee, tea, maté and spices // Coffee, whether or not roasted or decaffeinated; coffee husks and skins; coffee substitutes containing coffee in any proportion. // - Coffee, not roasted : // -- Not decaffeinated",090111,9351
2014,Import,Lebanon,Indonesia,"Coffee, tea, maté and spices // Coffee, whether or not roasted or decaffeinated; coffee husks and skins; coffee substitutes containing coffee in any proportion. // - Coffee, not roasted : // -- Not decaffeinated",090111,22221
2014,Import,Lebanon,Côte d'Ivoire,"Coffee, tea, maté and spices // Coffee, whether or not roasted or decaffeinated; coffee husks and skins; coffee substitutes containing coffee in any proportion. // - Coffee, not roasted : // -- Not decaffeinated",090111,3569
2014,Export,Lebanon,Côte d'Ivoire,"Coffee, tea, maté and spices // Coffee, whether or not roasted or decaffeinated; coffee husks and skins; coffee substitutes containing coffee in any proportion. // - Coffee, not roasted : // -- Not decaffeinated",090111,27035
2014,Export,Lebanon,Jordan,"Coffee, tea, maté and spices // Coffee, whether or not roasted or decaffeinated; coffee husks and skins; coffee substitutes containing coffee in any proportion. // - Coffee, not roasted : // -- Not decaffeinated",090111,15312
2014,Export,Lebanon,Kuwait,"Coffee, tea, maté and spices // Coffee, whether or not roasted or decaffeinated; coffee husks and skins; coffee substitutes containing coffee in any proportion. // - Coffee, not roasted : // -- Not decaffeinated",090111,20716
2014,Export,Lebanon,Mali,"Coffee, tea, maté and spices // Coffee, whether or not roasted or decaffeinated; coffee husks and skins; coffee substitutes containing coffee in any proportion. // - Coffee, not roasted : // -- Not decaffeinated",090111,5937
2014,Export,Lebanon,Mauritania,"Coffee, tea, maté and spices // Coffee, whether or not roasted or decaffeinated; coffee husks and skins; coffee substitutes containing coffee in any proportion. // - Coffee, not roasted : // -- Not decaffeinated",090111,1422
2014,Import,Lebanon,Mexico,"Coffee, tea, maté and spices // Coffee, whether or not roasted or decaffeinated; coffee husks and skins; coffee substitutes containing coffee in any proportion. // - Coffee, not roasted : // -- Not decaffeinated",090111,11116
2014,Import,Lebanon,Nepal,"Coffee, tea, maté and spices // Coffee, whether or not roasted or decaffeinated; coffee husks and skins; coffee substitutes containing coffee in any proportion. // - Coffee, not roasted : // -- Not decaffeinated",090111,3953
2014,Export,Lebanon,Nigeria,"Coffee, tea, maté and spices // Coffee, whether or not roasted or decaffeinated; coffee husks and skins; coffee substitutes containing coffee in any proportion. // - Coffee, not roasted : // -- Not decaffeinated",090111,7311
2014,Export,Lebanon,Qatar,"Coffee, tea, maté and spices // Coffee, whether or not roasted or decaffeinated; coffee husks and skins; coffee substitutes containing coffee in any proportion. // - Coffee, not roasted : // -- Not decaffeinated",090111,60453
2014,Export,Lebanon,Saudi Arabia,"Coffee, tea, maté and spices // Coffee, whether or not roasted or decaffeinated; coffee husks and skins; coffee substitutes containing coffee in any proportion. // - Coffee, not roasted : // -- Not decaffeinated",090111,19314
2014,Export,Lebanon,Senegal,"Coffee, tea, maté and spices // Coffee, whether or not roasted or decaffeinated; coffee husks and skins; coffee substitutes containing coffee in any proportion. // - Coffee, not roasted : // -- Not decaffeinated",090111,23421
2014,Export,Lebanon,Sierra Leone,"Coffee, tea, maté and spices // Coffee, whether or not roasted or decaffeinated; coffee husks and skins; coffee substitutes containing coffee in any proportion. // - Coffee, not roasted : // -- Not decaffeinated",090111,495
2014,Import,Lebanon,India,"Coffee, tea, maté and spices // Coffee, whether or not roasted or decaffeinated; coffee husks and skins; coffee substitutes containing coffee in any proportion. // - Coffee, not roasted : // -- Not decaffeinated",090111,666294
2014,Import,Lebanon,Viet Nam,"Coffee, tea, maté and spices // Coffee, whether or not roasted or decaffeinated; coffee husks and skins; coffee substitutes containing coffee in any proportion. // - Coffee, not roasted : // -- Not decaffeinated",090111,2214039
2014,Export,Lebanon,Switzerland,"Coffee, tea, maté and spices // Coffee, whether or not roasted or decaffeinated; coffee husks and skins; coffee substitutes containing coffee in any proportion. // - Coffee, not roasted : // -- Not decaffeinated",090111,9520
2014,Export,Lebanon,United Arab Emirates,"Coffee, tea, maté and spices // Coffee, whether or not roasted or decaffeinated; coffee husks and skins; coffee substitutes containing coffee in any proportion. // - Coffee, not roasted : // -- Not decaffeinated",090111,33940
2014,Import,Lebanon,United Kingdom,"Coffee, tea, maté and spices // Coffee, whether or not roasted or decaffeinated; coffee husks and skins; coffee substitutes containing coffee in any proportion. // - Coffee, not roasted : // -- Not decaffeinated",090111,431
2014,Import,Lebanon,USA,"Coffee, tea, maté and spices // Coffee, whether or not roasted or decaffeinated; coffee husks and skins; coffee substitutes containing coffee in any proportion. // - Coffee, not roasted : // -- Not decaffeinated",090111,3826
2014,Export,Lebanon,USA,"Coffee, tea, maté and spices // Coffee, whether or not roasted or decaffeinated; coffee husks and skins; coffee substitutes containing coffee in any proportion. // - Coffee, not roasted : // -- Not decaffeinated",090111,40853
2014,Export,Lebanon,Venezuela,"Coffee, tea, maté and spices // Coffee, whether or not roasted or decaffeinated; coffee husks and skins; coffee substitutes containing coffee in any proportion. // - Coffee, not roasted : // -- Not decaffeinated",090111,2508
2014,Import,Lebanon,Australia,"Coffee, tea, maté and spices // Coffee, whether or not roasted or decaffeinated; coffee husks and skins; coffee substitutes containing coffee in any proportion. // - Coffee, not roasted : // -- Decaffeinated",090112,578
2014,Import,Lebanon,Brazil,"Coffee, tea, maté and spices // Coffee, whether or not roasted or decaffeinated; coffee husks and skins; coffee substitutes containing coffee in any proportion. // - Coffee, not roasted : // -- Decaffeinated",090112,7647
2014,Import,Lebanon,Italy,"Coffee, tea, maté and spices // Coffee, whether or not roasted or decaffeinated; coffee husks and skins; coffee substitutes containing coffee in any proportion. // - Coffee, not roasted : // -- Decaffeinated",090112,23944
2014,Export,Lebanon,Jordan,"Coffee, tea, maté and spices // Coffee, whether or not roasted or decaffeinated; coffee husks and skins; coffee substitutes containing coffee in any proportion. // - Coffee, not roasted : // -- Decaffeinated",090112,5955
2014,Import,Lebanon,Viet Nam,"Coffee, tea, maté and spices // Coffee, whether or not roasted or decaffeinated; coffee husks and skins; coffee substitutes containing coffee in any proportion. // - Coffee, not roasted : // -- Decaffeinated",090112,1955
2014,Import,Lebanon,United Kingdom,"Coffee, tea, maté and spices // Coffee, whether or not roasted or decaffeinated; coffee husks and skins; coffee substitutes containing coffee in any proportion. // - Coffee, not roasted : // -- Decaffeinated",090112,472
2014,Import,Lebanon,Australia,"Coffee, tea, maté and spices // Coffee, whether or not roasted or decaffeinated; coffee husks and skins; coffee substitutes containing coffee in any proportion. // - Coffee roasted : // -- Not decaffeinated",090121,18458
2014,Export,Lebanon,Australia,"Coffee, tea, maté and spices // Coffee, whether or not roasted or decaffeinated; coffee husks and skins; coffee substitutes containing coffee in any proportion. // - Coffee roasted : // -- Not decaffeinated",090121,222557
2014,Export,Lebanon,Bahrain,"Coffee, tea, maté and spices // Coffee, whether or not roasted or decaffeinated; coffee husks and skins; coffee substitutes containing coffee in any proportion. // - Coffee roasted : // -- Not decaffeinated",090121,27515
2014,Export,Lebanon,Armenia,"Coffee, tea, maté and spices // Coffee, whether or not roasted or decaffeinated; coffee husks and skins; coffee substitutes containing coffee in any proportion. // - Coffee roasted : // -- Not decaffeinated",090121,491
2014,Import,Lebanon,Belgium,"Coffee, tea, maté and spices // Coffee, whether or not roasted or decaffeinated; coffee husks and skins; coffee substitutes containing coffee in any proportion. // - Coffee roasted : // -- Not decaffeinated",090121,12540
2014,Export,Lebanon,Belgium,"Coffee, tea, maté and spices // Coffee, whether or not roasted or decaffeinated; coffee husks and skins; coffee substitutes containing coffee in any proportion. // - Coffee roasted : // -- Not decaffeinated",090121,61371
2014,Import,Lebanon,Brazil,"Coffee, tea, maté and spices // Coffee, whether or not roasted or decaffeinated; coffee husks and skins; coffee substitutes containing coffee in any proportion. // - Coffee roasted : // -- Not decaffeinated",090121,1225
2014,Export,Lebanon,Brazil,"Coffee, tea, maté and spices // Coffee, whether or not roasted or decaffeinated; coffee husks and skins; coffee substitutes containing coffee in any proportion. // - Coffee roasted : // -- Not decaffeinated",090121,855
2014,Export,Lebanon,Cameroon,"Coffee, tea, maté and spices // Coffee, whether or not roasted or decaffeinated; coffee husks and skins; coffee substitutes containing coffee in any proportion. // - Coffee roasted : // -- Not decaffeinated",090121,15220
2014,Import,Lebanon,Canada,"Coffee, tea, maté and spices // Coffee, whether or not roasted or decaffeinated; coffee husks and skins; coffee substitutes containing coffee in any proportion. // - Coffee roasted : // -- Not decaffeinated",090121,16990
2014,Export,Lebanon,Canada,"Coffee, tea, maté and spices // Coffee, whether or not roasted or decaffeinated; coffee husks and skins; coffee substitutes containing coffee in any proportion. // - Coffee roasted : // -- Not decaffeinated",090121,250310
2014,Export,Lebanon,Central African Rep.,"Coffee, tea, maté and spices // Coffee, whether or not roasted or decaffeinated; coffee husks and skins; coffee substitutes containing coffee in any proportion. // - Coffee roasted : // -- Not decaffeinated",090121,2990
2014,Export,Lebanon,Chile,"Coffee, tea, maté and spices // Coffee, whether or not roasted or decaffeinated; coffee husks and skins; coffee substitutes containing coffee in any proportion. // - Coffee roasted : // -- Not decaffeinated",090121,10638
2014,Import,Lebanon,Colombia,"Coffee, tea, maté and spices // Coffee, whether or not roasted or decaffeinated; coffee husks and skins; coffee substitutes containing coffee in any proportion. // - Coffee roasted : // -- Not decaffeinated",090121,1116
2014,Export,Lebanon,Congo,"Coffee, tea, maté and spices // Coffee, whether or not roasted or decaffeinated; coffee husks and skins; coffee substitutes containing coffee in any proportion. // - Coffee roasted : // -- Not decaffeinated",090121,54238
2014,Export,Lebanon,Cyprus,"Coffee, tea, maté and spices // Coffee, whether or not roasted or decaffeinated; coffee husks and skins; coffee substitutes containing coffee in any proportion. // - Coffee roasted : // -- Not decaffeinated",090121,56978
2014,Export,Lebanon,Czech Rep.,"Coffee, tea, maté and spices // Coffee, whether or not roasted or decaffeinated; coffee husks and skins; coffee substitutes containing coffee in any proportion. // - Coffee roasted : // -- Not decaffeinated",090121,617
2014,Export,Lebanon,Benin,"Coffee, tea, maté and spices // Coffee, whether or not roasted or decaffeinated; coffee husks and skins; coffee substitutes containing coffee in any proportion. // - Coffee roasted : // -- Not decaffeinated",090121,10040
2014,Export,Lebanon,Denmark,"Coffee, tea, maté and spices // Coffee, whether or not roasted or decaffeinated; coffee husks and skins; coffee substitutes containing coffee in any proportion. // - Coffee roasted : // -- Not decaffeinated",090121,8804
2014,Import,Lebanon,El Salvador,"Coffee, tea, maté and spices // Coffee, whether or not roasted or decaffeinated; coffee husks and skins; coffee substitutes containing coffee in any proportion. // - Coffee roasted : // -- Not decaffeinated",090121,201
2014,Import,Lebanon,Ethiopia,"Coffee, tea, maté and spices // Coffee, whether or not roasted or decaffeinated; coffee husks and skins; coffee substitutes containing coffee in any proportion. // - Coffee roasted : // -- Not decaffeinated",090121,591
2014,Import,Lebanon,France,"Coffee, tea, maté and spices // Coffee, whether or not roasted or decaffeinated; coffee husks and skins; coffee substitutes containing coffee in any proportion. // - Coffee roasted : // -- Not decaffeinated",090121,59703
2014,Export,Lebanon,France,"Coffee, tea, maté and spices // Coffee, whether or not roasted or decaffeinated; coffee husks and skins; coffee substitutes containing coffee in any proportion. // - Coffee roasted : // -- Not decaffeinated",090121,258683
2014,Export,Lebanon,Gabon,"Coffee, tea, maté and spices // Coffee, whether or not roasted or decaffeinated; coffee husks and skins; coffee substitutes containing coffee in any proportion. // - Coffee roasted : // -- Not decaffeinated",090121,30986
2014,Export,Lebanon,Georgia,"Coffee, tea, maté and spices // Coffee, whether or not roasted or decaffeinated; coffee husks and skins; coffee substitutes containing coffee in any proportion. // - Coffee roasted : // -- Not decaffeinated",090121,310
2014,Export,Lebanon,Gambia,"Coffee, tea, maté and spices // Coffee, whether or not roasted or decaffeinated; coffee husks and skins; coffee substitutes containing coffee in any proportion. // - Coffee roasted : // -- Not decaffeinated",090121,17340
2014,Import,Lebanon,Germany,"Coffee, tea, maté and spices // Coffee, whether or not roasted or decaffeinated; coffee husks and skins; coffee substitutes containing coffee in any proportion. // - Coffee roasted : // -- Not decaffeinated",090121,9627
2014,Export,Lebanon,Germany,"Coffee, tea, maté and spices // Coffee, whether or not roasted or decaffeinated; coffee husks and skins; coffee substitutes containing coffee in any proportion. // - Coffee roasted : // -- Not decaffeinated",090121,346089
2014,Export,Lebanon,Ghana,"Coffee, tea, maté and spices // Coffee, whether or not roasted or decaffeinated; coffee husks and skins; coffee substitutes containing coffee in any proportion. // - Coffee roasted : // -- Not decaffeinated",090121,55026
2014,Export,Lebanon,Greece,"Coffee, tea, maté and spices // Coffee, whether or not roasted or decaffeinated; coffee husks and skins; coffee substitutes containing coffee in any proportion. // - Coffee roasted : // -- Not decaffeinated",090121,32401
2014,Export,Lebanon,Guinea,"Coffee, tea, maté and spices // Coffee, whether or not roasted or decaffeinated; coffee husks and skins; coffee substitutes containing coffee in any proportion. // - Coffee roasted : // -- Not decaffeinated",090121,31205
2014,Export,Lebanon,"China, Hong Kong SAR","Coffee, tea, maté and spices // Coffee, whether or not roasted or decaffeinated; coffee husks and skins; coffee substitutes containing coffee in any proportion. // - Coffee roasted : // -- Not decaffeinated",090121,430
2014,Export,Lebanon,Iraq,"Coffee, tea, maté and spices // Coffee, whether or not roasted or decaffeinated; coffee husks and skins; coffee substitutes containing coffee in any proportion. // - Coffee roasted : // -- Not decaffeinated",090121,311293
2014,Import,Lebanon,Italy,"Coffee, tea, maté and spices // Coffee, whether or not roasted or decaffeinated; coffee husks and skins; coffee substitutes containing coffee in any proportion. // - Coffee roasted : // -- Not decaffeinated",090121,959243
2014,Export,Lebanon,Côte d'Ivoire,"Coffee, tea, maté and spices // Coffee, whether or not roasted or decaffeinated; coffee husks and skins; coffee substitutes containing coffee in any proportion. // - Coffee roasted : // -- Not decaffeinated",090121,158519
2014,Export,Lebanon,Jordan,"Coffee, tea, maté and spices // Coffee, whether or not roasted or decaffeinated; coffee husks and skins; coffee substitutes containing coffee in any proportion. // - Coffee roasted : // -- Not decaffeinated",090121,1707118
2014,Export,Lebanon,Kuwait,"Coffee, tea, maté and spices // Coffee, whether or not roasted or decaffeinated; coffee husks and skins; coffee substitutes containing coffee in any proportion. // - Coffee roasted : // -- Not decaffeinated",090121,38383
2014,Export,Lebanon,Liberia,"Coffee, tea, maté and spices // Coffee, whether or not roasted or decaffeinated; coffee husks and skins; coffee substitutes containing coffee in any proportion. // - Coffee roasted : // -- Not decaffeinated",090121,12737
2014,Export,Lebanon,Libya,"Coffee, tea, maté and spices // Coffee, whether or not roasted or decaffeinated; coffee husks and skins; coffee substitutes containing coffee in any proportion. // - Coffee roasted : // -- Not decaffeinated",090121,57798
2014,Export,Lebanon,Malaysia,"Coffee, tea, maté and spices // Coffee, whether or not roasted or decaffeinated; coffee husks and skins; coffee substitutes containing coffee in any proportion. // - Coffee roasted : // -- Not decaffeinated",090121,25514
2014,Export,Lebanon,Mali,"Coffee, tea, maté and spices // Coffee, whether or not roasted or decaffeinated; coffee husks and skins; coffee substitutes containing coffee in any proportion. // - Coffee roasted : // -- Not decaffeinated",090121,1941
2014,Export,Lebanon,Mauritania,"Coffee, tea, maté and spices // Coffee, whether or not roasted or decaffeinated; coffee husks and skins; coffee substitutes containing coffee in any proportion. // - Coffee roasted : // -- Not decaffeinated",090121,1050
2014,Export,Lebanon,Morocco,"Coffee, tea, maté and spices // Coffee, whether or not roasted or decaffeinated; coffee husks and skins; coffee substitutes containing coffee in any proportion. // - Coffee roasted : // -- Not decaffeinated",090121,22614
2014,Export,Lebanon,Mozambique,"Coffee, tea, maté and spices // Coffee, whether or not roasted or decaffeinated; coffee husks and skins; coffee substitutes containing coffee in any proportion. // - Coffee roasted : // -- Not decaffeinated",090121,251
2014,Export,Lebanon,Oman,"Coffee, tea, maté and spices // Coffee, whether or not roasted or decaffeinated; coffee husks and skins; coffee substitutes containing coffee in any proportion. // - Coffee roasted : // -- Not decaffeinated",090121,135165
2014,Import,Lebanon,Netherlands,"Coffee, tea, maté and spices // Coffee, whether or not roasted or decaffeinated; coffee husks and skins; coffee substitutes containing coffee in any proportion. // - Coffee roasted : // -- Not decaffeinated",090121,389906
2014,Export,Lebanon,Nigeria,"Coffee, tea, maté and spices // Coffee, whether or not roasted or decaffeinated; coffee husks and skins; coffee substitutes containing coffee in any proportion. // - Coffee roasted : // -- Not decaffeinated",090121,177957
2014,Export,Lebanon,Panama,"Coffee, tea, maté and spices // Coffee, whether or not roasted or decaffeinated; coffee husks and skins; coffee substitutes containing coffee in any proportion. // - Coffee roasted : // -- Not decaffeinated",090121,1419
2014,Import,Lebanon,Peru,"Coffee, tea, maté and spices // Coffee, whether or not roasted or decaffeinated; coffee husks and skins; coffee substitutes containing coffee in any proportion. // - Coffee roasted : // -- Not decaffeinated",090121,612
2014,Import,Lebanon,Poland,"Coffee, tea, maté and spices // Coffee, whether or not roasted or decaffeinated; coffee husks and skins; coffee substitutes containing coffee in any proportion. // - Coffee roasted : // -- Not decaffeinated",090121,74
2014,Import,Lebanon,Portugal,"Coffee, tea, maté and spices // Coffee, whether or not roasted or decaffeinated; coffee husks and skins; coffee substitutes containing coffee in any proportion. // - Coffee roasted : // -- Not decaffeinated",090121,3327
2014,Export,Lebanon,Qatar,"Coffee, tea, maté and spices // Coffee, whether or not roasted or decaffeinated; coffee husks and skins; coffee substitutes containing coffee in any proportion. // - Coffee roasted : // -- Not decaffeinated",090121,1204420
2014,Export,Lebanon,Russian Federation,"Coffee, tea, maté and spices // Coffee, whether or not roasted or decaffeinated; coffee husks and skins; coffee substitutes containing coffee in any proportion. // - Coffee roasted : // -- Not decaffeinated",090121,936
2014,Import,Lebanon,Saudi Arabia,"Coffee, tea, maté and spices // Coffee, whether or not roasted or decaffeinated; coffee husks and skins; coffee substitutes containing coffee in any proportion. // - Coffee roasted : // -- Not decaffeinated",090121,17777
2014,Export,Lebanon,Saudi Arabia,"Coffee, tea, maté and spices // Coffee, whether or not roasted or decaffeinated; coffee husks and skins; coffee substitutes containing coffee in any proportion. // - Coffee roasted : // -- Not decaffeinated",090121,1957499
2014,Export,Lebanon,Senegal,"Coffee, tea, maté and spices // Coffee, whether or not roasted or decaffeinated; coffee husks and skins; coffee substitutes containing coffee in any proportion. // - Coffee roasted : // -- Not decaffeinated",090121,19820
2014,Export,Lebanon,Sierra Leone,"Coffee, tea, maté and spices // Coffee, whether or not roasted or decaffeinated; coffee husks and skins; coffee substitutes containing coffee in any proportion. // - Coffee roasted : // -- Not decaffeinated",090121,50280
2014,Export,Lebanon,South Africa,"Coffee, tea, maté and spices // Coffee, whether or not roasted or decaffeinated; coffee husks and skins; coffee substitutes containing coffee in any proportion. // - Coffee roasted : // -- Not decaffeinated",090121,569318
2014,Import,Lebanon,Spain,"Coffee, tea, maté and spices // Coffee, whether or not roasted or decaffeinated; coffee husks and skins; coffee substitutes containing coffee in any proportion. // - Coffee roasted : // -- Not decaffeinated",090121,313
2014,Export,Lebanon,Sudan,"Coffee, tea, maté and spices // Coffee, whether or not roasted or decaffeinated; coffee husks and skins; coffee substitutes containing coffee in any proportion. // - Coffee roasted : // -- Not decaffeinated",090121,7805
2014,Export,Lebanon,Sweden,"Coffee, tea, maté and spices // Coffee, whether or not roasted or decaffeinated; coffee husks and skins; coffee substitutes containing coffee in any proportion. // - Coffee roasted : // -- Not decaffeinated",090121,442399
2014,Import,Lebanon,Switzerland,"Coffee, tea, maté and spices // Coffee, whether or not roasted or decaffeinated; coffee husks and skins; coffee substitutes containing coffee in any proportion. // - Coffee roasted : // -- Not decaffeinated",090121,2699949
2014,Import,Lebanon,Syria,"Coffee, tea, maté and spices // Coffee, whether or not roasted or decaffeinated; coffee husks and skins; coffee substitutes containing coffee in any proportion. // - Coffee roasted : // -- Not decaffeinated",090121,7062
2014,Export,Lebanon,Syria,"Coffee, tea, maté and spices // Coffee, whether or not roasted or decaffeinated; coffee husks and skins; coffee substitutes containing coffee in any proportion. // - Coffee roasted : // -- Not decaffeinated",090121,125705
2014,Export,Lebanon,Togo,"Coffee, tea, maté and spices // Coffee, whether or not roasted or decaffeinated; coffee husks and skins; coffee substitutes containing coffee in any proportion. // - Coffee roasted : // -- Not decaffeinated",090121,30145
2014,Export,Lebanon,Trinidad and Tobago,"Coffee, tea, maté and spices // Coffee, whether or not roasted or decaffeinated; coffee husks and skins; coffee substitutes containing coffee in any proportion. // - Coffee roasted : // -- Not decaffeinated",090121,5834
2014,Export,Lebanon,United Arab Emirates,"Coffee, tea, maté and spices // Coffee, whether or not roasted or decaffeinated; coffee husks and skins; coffee substitutes containing coffee in any proportion. // - Coffee roasted : // -- Not decaffeinated",090121,1080222
2014,Export,Lebanon,Turkey,"Coffee, tea, maté and spices // Coffee, whether or not roasted or decaffeinated; coffee husks and skins; coffee substitutes containing coffee in any proportion. // - Coffee roasted : // -- Not decaffeinated",090121,211469
2014,Export,Lebanon,Egypt,"Coffee, tea, maté and spices // Coffee, whether or not roasted or decaffeinated; coffee husks and skins; coffee substitutes containing coffee in any proportion. // - Coffee roasted : // -- Not decaffeinated",090121,143860
2014,Import,Lebanon,United Kingdom,"Coffee, tea, maté and spices // Coffee, whether or not roasted or decaffeinated; coffee husks and skins; coffee substitutes containing coffee in any proportion. // - Coffee roasted : // -- Not decaffeinated",090121,196602
2014,Export,Lebanon,United Kingdom,"Coffee, tea, maté and spices // Coffee, whether or not roasted or decaffeinated; coffee husks and skins; coffee substitutes containing coffee in any proportion. // - Coffee roasted : // -- Not decaffeinated",090121,177941
2014,Import,Lebanon,USA,"Coffee, tea, maté and spices // Coffee, whether or not roasted or decaffeinated; coffee husks and skins; coffee substitutes containing coffee in any proportion. // - Coffee roasted : // -- Not decaffeinated",090121,117004
2014,Export,Lebanon,USA,"Coffee, tea, maté and spices // Coffee, whether or not roasted or decaffeinated; coffee husks and skins; coffee substitutes containing coffee in any proportion. // - Coffee roasted : // -- Not decaffeinated",090121,1978674
2014,Export,Lebanon,Burkina Faso,"Coffee, tea, maté and spices // Coffee, whether or not roasted or decaffeinated; coffee husks and skins; coffee substitutes containing coffee in any proportion. // - Coffee roasted : // -- Not decaffeinated",090121,10800
2014,Export,Lebanon,Zambia,"Coffee, tea, maté and spices // Coffee, whether or not roasted or decaffeinated; coffee husks and skins; coffee substitutes containing coffee in any proportion. // - Coffee roasted : // -- Not decaffeinated",090121,20993
2014,Import,Lebanon,Australia,"Coffee, tea, maté and spices // Coffee, whether or not roasted or decaffeinated; coffee husks and skins; coffee substitutes containing coffee in any proportion. // - Coffee roasted : // -- Decaffeinated",090122,1489
2014,Export,Lebanon,Australia,"Coffee, tea, maté and spices // Coffee, whether or not roasted or decaffeinated; coffee husks and skins; coffee substitutes containing coffee in any proportion. // - Coffee roasted : // -- Decaffeinated",090122,4902
2014,Export,Lebanon,Bahrain,"Coffee, tea, maté and spices // Coffee, whether or not roasted or decaffeinated; coffee husks and skins; coffee substitutes containing coffee in any proportion. // - Coffee roasted : // -- Decaffeinated",090122,978
2014,Import,Lebanon,Canada,"Coffee, tea, maté and spices // Coffee, whether or not roasted or decaffeinated; coffee husks and skins; coffee substitutes containing coffee in any proportion. // - Coffee roasted : // -- Decaffeinated",090122,952
2014,Export,Lebanon,Canada,"Coffee, tea, maté and spices // Coffee, whether or not roasted or decaffeinated; coffee husks and skins; coffee substitutes containing coffee in any proportion. // - Coffee roasted : // -- Decaffeinated",090122,3336
2014,Export,Lebanon,Chile,"Coffee, tea, maté and spices // Coffee, whether or not roasted or decaffeinated; coffee husks and skins; coffee substitutes containing coffee in any proportion. // - Coffee roasted : // -- Decaffeinated",090122,2738
2014,Import,Lebanon,France,"Coffee, tea, maté and spices // Coffee, whether or not roasted or decaffeinated; coffee husks and skins; coffee substitutes containing coffee in any proportion. // - Coffee roasted : // -- Decaffeinated",090122,4611
2014,Export,Lebanon,France,"Coffee, tea, maté and spices // Coffee, whether or not roasted or decaffeinated; coffee husks and skins; coffee substitutes containing coffee in any proportion. // - Coffee roasted : // -- Decaffeinated",090122,2792
2014,Import,Lebanon,Italy,"Coffee, tea, maté and spices // Coffee, whether or not roasted or decaffeinated; coffee husks and skins; coffee substitutes containing coffee in any proportion. // - Coffee roasted : // -- Decaffeinated",090122,53716
2014,Export,Lebanon,Italy,"Coffee, tea, maté and spices // Coffee, whether or not roasted or decaffeinated; coffee husks and skins; coffee substitutes containing coffee in any proportion. // - Coffee roasted : // -- Decaffeinated",090122,1409
2014,Import,Lebanon,Netherlands,"Coffee, tea, maté and spices // Coffee, whether or not roasted or decaffeinated; coffee husks and skins; coffee substitutes containing coffee in any proportion. // - Coffee roasted : // -- Decaffeinated",090122,16460
2014,Export,Lebanon,New Zealand,"Coffee, tea, maté and spices // Coffee, whether or not roasted or decaffeinated; coffee husks and skins; coffee substitutes containing coffee in any proportion. // - Coffee roasted : // -- Decaffeinated",090122,4558
2014,Export,Lebanon,Qatar,"Coffee, tea, maté and spices // Coffee, whether or not roasted or decaffeinated; coffee husks and skins; coffee substitutes containing coffee in any proportion. // - Coffee roasted : // -- Decaffeinated",090122,14487
2014,Export,Lebanon,South Africa,"Coffee, tea, maté and spices // Coffee, whether or not roasted or decaffeinated; coffee husks and skins; coffee substitutes containing coffee in any proportion. // - Coffee roasted : // -- Decaffeinated",090122,1200
2014,Import,Lebanon,Switzerland,"Coffee, tea, maté and spices // Coffee, whether or not roasted or decaffeinated; coffee husks and skins; coffee substitutes containing coffee in any proportion. // - Coffee roasted : // -- Decaffeinated",090122,370241
2014,Export,Lebanon,Tunisia,"Coffee, tea, maté and spices // Coffee, whether or not roasted or decaffeinated; coffee husks and skins; coffee substitutes containing coffee in any proportion. // - Coffee roasted : // -- Decaffeinated",090122,1147
2014,Import,Lebanon,United Kingdom,"Coffee, tea, maté and spices // Coffee, whether or not roasted or decaffeinated; coffee husks and skins; coffee substitutes containing coffee in any proportion. // - Coffee roasted : // -- Decaffeinated",090122,11918
2014,Export,Lebanon,United Kingdom,"Coffee, tea, maté and spices // Coffee, whether or not roasted or decaffeinated; coffee husks and skins; coffee substitutes containing coffee in any proportion. // - Coffee roasted : // -- Decaffeinated",090122,820
2014,Import,Lebanon,USA,"Coffee, tea, maté and spices // Coffee, whether or not roasted or decaffeinated; coffee husks and skins; coffee substitutes containing coffee in any proportion. // - Coffee roasted : // -- Decaffeinated",090122,5779
